,,Adjusted Rand Index (ARI),Silhouette Score,Davies-Bouldin Index,Calinski-Harabasz Index,Homogeneity,Completeness,V-Measure,Number of Clusters
iris,Custom Agglomerative,0.9464323886639676,0.558164122034982,0.6277342636151994,218.64763137110606,0.8900039242634512,0.8900039242634512,0.8900039242634512,2
iris,Sklearn Agglomerative,1.0,0.580184463257396,0.5975546650809878,248.90342786485118,1.0,1.0,1.0,2
ai_global_index,Custom Agglomerative,0.6479240364922734,0.6780959283483551,0.6378652246591447,30.088490936949945,0.7291878731870094,0.4224762998723958,0.5349903240586071,2
ai_global_index,Sklearn Agglomerative,1.0,0.7358407911622495,0.1730858956119127,25.94792255616781,1.0,1.0,1.0,2
global_earthquake,Custom Agglomerative,0.21018955702785674,-0.003395844377488791,6.475043198667912,6.100581382495262,0.8267508783197015,0.3292713478548897,0.47096910402037295,4
global_earthquake,Sklearn Agglomerative,1.0,0.3438511072918944,0.7201294985212869,10.090403651819594,1.0,1.0,1.0,4
