,iris,ai_global_index,global_earthquake
custom_silhouette,0.32174255600526225,0.14455206208723245,0.06218194862171845
custom_davies_bouldin,1.4713624216907686,1.6601358784650575,3.6126925978246898
custom_calinski_harabasz,149.83264570199364,15.28392229616225,4.248128011524739
sklearn_silhouette,0.4091841624317957,0.2705894858562828,0.213656251967762
sklearn_davies_bouldin,0.8668572809093296,0.8909957731089565,1.6484222701943247
sklearn_calinski_harabasz,133.7028475672203,34.26364965488523,14.525610123820318
