,iris,ai_global_index,global_earthquake
custom_silhouette,0.45840087099074767,0.3159433876442745,0.19582001788314643
custom_davies_bouldin,0.8358002024712284,0.9811328509762504,1.8174320113854676
custom_calinski_harabasz,239.33611492789424,39.242546032631644,12.3794012368419
sklearn_silhouette,0.4787241921049546,0.30276300113537985,0.213656251967762
sklearn_davies_bouldin,0.78680067623399,0.8218247063465057,1.6484222701943247
sklearn_calinski_harabasz,156.14303764903215,37.90111924639796,14.525610123820318
