metric,iris_custom,iris_pyclustering,ai_global_index_custom,ai_global_index_pyclustering,global_earthquake_custom,global_earthquake_pyclustering
silhouette,0.580184463257396,0.580184463257396,0.46185922776222393,0.4650339765701735,0.22080942290757774,0.17844109975925396
davies_bouldin,0.597554665080988,0.597554665080988,0.9045840132234964,0.919437926609027,1.4734371579840289,1.6711940220246007
calinski_harabasz,248.90342786485118,248.90342786485118,50.244870045020456,50.9064069844258,10.87060301157117,10.121005271846828
adjusted_rand_score,0.5681159420289855,0.5681159420289855,-0.005276112674835809,0.019253092637214038,-1.0,-1.0
adjusted_mutual_info_score,0.7315847607219574,0.7315847607219574,0.07326653923322514,0.13234463795783688,-1.0,-1.0
